2017-02-11,2017-02-12
2017-02-27,2017-02-28
2017-02-28,2017-03-01
2017-01-12,2017-01-13
2017-01-31,2017-02-01
2017-03-30,2017-03-31
2017-04-25,2017-04-26
2017-04-30,2017-05-01
2017-04-29,2017-04-30
2000-02-08,2000-02-09
2000-02-27,2000-02-28
2000-02-28,2000-02-29
2000-01-14,2000-01-15
2000-03-31,2000-04-01
2000-08-30,2000-08-31
2000-06-25,2000-06-26
2000-06-30,2000-07-01
2000-06-29,2000-06-30
2004-02-02,2004-02-03
2004-02-28,2004-02-29
2004-02-29,2004-03-01
2004-01-14,2004-01-15
2004-03-31,2004-04-01
2004-05-30,2004-05-31
2004-06-25,2004-06-26
2004-06-30,2004-07-01
2004-11-29,2004-11-30
